xmin,ymin,xmax,ymax,Object,label
196.1298828125,88.74121093749999,290.9619140625,112.44921875000003,NOTICE,not_relevant
284.49609375,88.74121093749999,329.7568359375,114.60449218750004,OF,not_relevant
325.4462890625,86.58593749999999,467.6943359375,112.44921875000003,INFRACTION.,not_relevant
467.6943359375,84.43066406249997,528.0419921875,108.138671875,YOU,not_relevant
519.4208984375,84.43066406249997,592.7001953125,108.138671875,MUST,not_relevant
590.544921875,84.43066406249997,706.9296875,108.138671875,RESPOND,not_relevant
702.619140625,82.27539062499996,739.2587890625,110.29394531250001,30,not_relevant
732.79296875,84.43066406249997,806.072265625,108.138671875,DAYS,not_relevant
799.6064453125,84.43066406249997,877.1962890625,108.138671875,FROM,not_relevant
870.73046875,84.43066406249997,924.6123046875,110.29394531250001,THE,not_relevant
920.3017578125,84.43066406249997,989.2705078125,110.29394531250001,DATE,not_relevant
984.9599609375,86.58593749999999,1077.63671875,110.29394531250001,ISSUED,not_relevant
1129.36328125,88.74121093749999,1174.6240234375,114.60449218750004,Pay.,not_relevant
1168.158203125,88.74121093749999,1228.505859375,112.44921875000003,thave,not_relevant
1217.7294921875,86.58593749999999,1299.6298828125,112.44921875000003,endosed,not_relevant
1293.1640625,88.74121093749999,1312.5615234375,110.29394531250001,a,not_relevant
1306.095703125,90.896484375,1362.1328125,112.44921875000003,check,not_relevant
1353.51171875,90.896484375,1381.5302734375,112.44921875000003,or,not_relevant
1372.9091796875,90.896484375,1435.412109375,114.60449218750004,money,not_relevant
1426.791015625,90.896484375,1482.828125,116.75976562499996,order,not_relevant
1474.20703125,90.896484375,1538.865234375,114.60449218750004,inU.S.,not_relevant
1530.244140625,93.05175781250001,1586.28125,114.60449218750004,funds,not_relevant
1581.970703125,90.896484375,1609.9892578125,112.44921875000003,for,not_relevant
1607.833984375,90.896484375,1642.318359375,114.60449218750004,the,not_relevant
1633.697265625,90.896484375,1702.666015625,114.60449218750004,amount!,not_relevant
1696.2001953125,93.05175781250001,1745.771484375,112.44921875000003,listed.,not_relevant
1745.771484375,93.05175781250001,1849.224609375,116.75976562499996,lunderstandt,not_relevant
1840.603515625,93.05175781250001,1879.3984375,118.91503906249997,this,not_relevant
1870.77734375,93.05175781250001,1907.4169921875,121.07031249999999,wil,not_relevant
1900.951171875,99.51757812499996,1928.9697265625,118.91503906249997,go,not_relevant
340.533203125,105.9833984375,385.7939453125,131.84667968750003,OR,not_relevant
377.1728515625,103.82812499999999,415.9677734375,131.84667968750003,33,not_relevant
409.501953125,105.9833984375,480.6259765625,129.69140625000003,DAYS,not_relevant
478.470703125,105.9833984375,556.060546875,129.69140625000003,FROMT,not_relevant
547.439453125,103.82812499999999,601.3212890625,129.69140625000003,THE,not_relevant
597.0107421875,103.82812499999999,668.134765625,129.69140625000003,DATE,not_relevant
663.82421875,103.82812499999999,717.7060546875,129.69140625000003,THE,not_relevant
713.3955078125,103.82812499999999,808.2275390625,129.69140625000003,NOTICE,not_relevant
801.76171875,103.82812499999999,836.24609375,131.84667968750003,IS,not_relevant
829.7802734375,103.82812499999999,928.9228515625,129.69140625000003,MAILED.,not_relevant
334.0673828125,129.69140625000003,385.7939453125,155.55468749999997,This,not_relevant
381.4833984375,131.84667968750003,407.3466796875,155.55468749999997,is,not_relevant
403.0361328125,131.84667968750003,426.744140625,155.55468749999997,a,not_relevant
420.2783203125,131.84667968750003,551.75,155.55468749999997,non-criminal,not_relevant
549.5947265625,129.69140625000003,629.33984375,155.55468749999997,offense,not_relevant
622.8740234375,127.53613281250001,663.82421875,157.7099609375,for,not_relevant
657.3583984375,129.69140625000003,726.3271484375,155.55468749999997,which,not_relevant
719.861328125,134.00195312499997,767.27734375,159.865234375,you,not_relevant
758.65625,127.53613281250001,842.7119140625,159.865234375,cannot,not_relevant
834.0908203125,129.69140625000003,870.73046875,159.865234375,go,not_relevant
862.109375,129.69140625000003,894.4384765625,157.7099609375,to,not_relevant
887.97265625,129.69140625000003,931.078125,159.865234375,jail.,not_relevant
441.8310546875,185.72851562499997,532.3525390625,211.591796875,respond,not_relevant
525.88671875,183.57324218750003,562.5263671875,211.591796875,or,not_relevant
556.060546875,185.72851562499997,635.8056640625,211.591796875,appear,not_relevant
629.33984375,183.57324218750003,668.134765625,209.4365234375,for,not_relevant
661.6689453125,183.57324218750003,722.0166015625,209.4365234375,court,not_relevant
717.7060546875,185.72851562499997,816.8486328125,211.591796875,hearings:,not_relevant
1131.5185546875,103.82812499999999,1191.8662109375,129.69140625000003,driving,not_relevant
1183.2451171875,103.82812499999999,1260.8349609375,129.69140625000003,recordif,not_relevant
1252.2138671875,103.82812499999999,1312.5615234375,127.53613281250001,"trafic",not_relevant
1306.095703125,105.9833984375,1331.958984375,127.53613281250001,is,not_relevant
1325.4931640625,105.9833984375,1405.23828125,129.69140625000003,checked.,not_relevant
1403.0830078125,110.29394531250001,1437.5673828125,129.69140625000003,DO,not_relevant
1431.1015625,110.29394531250001,1476.3623046875,129.69140625000003,NOT,not_relevant
1474.20703125,110.29394531250001,1530.244140625,131.84667968750003,SEND,not_relevant
1521.623046875,108.138671875,1586.28125,131.84667968750003,CASH.,not_relevant
1579.8154296875,105.9833984375,1629.38671875,131.84667968750003,NSF,not_relevant
1620.765625,108.138671875,1685.423828125,131.84667968750003,checks,not_relevant
1676.802734375,108.138671875,1715.59765625,134.00195312499997,willt,not_relevant
1706.9765625,110.29394531250001,1734.9951171875,131.84667968750003,be,not_relevant
1728.529296875,110.29394531250001,1791.0322265625,134.00195312499997,treated,not_relevant
1782.4111328125,110.29394531250001,1827.671875,136.15722656249997,asaf,not_relevant
1819.05078125,114.60449218750004,1875.087890625,136.15722656249997,failure,not_relevant
1866.466796875,114.60449218750004,1959.1435546875,138.31249999999997,torespond.,not_relevant
1918.193359375,95.20703125000003,1976.3857421875,123.2255859375,amy,not_relevant
1131.5185546875,125.380859375,1209.1083984375,149.08886718750003,Payment,not_relevant
1133.673828125,144.77832031250003,1189.7109375,166.33105468750003,obtain,not_relevant
1185.400390625,146.93359375000003,1202.642578125,164.17578125000003,a,not_relevant
1196.1767578125,142.623046875,1273.7666015625,166.33105468750003,payment,not_relevant
1204.7978515625,127.53613281250001,1250.05859375,146.93359375000003,Plan.,not_relevant
1245.748046875,125.380859375,1308.2509765625,149.08886718750003,ladmit,not_relevant
1265.1455078125,142.623046875,1310.40625,168.48632812499997,plan,not_relevant
1301.78515625,127.53613281250001,1409.548828125,153.39941406249997,responsibility,not_relevant
1303.9404296875,144.77832031250003,1342.7353515625,164.17578125000003,and,not_relevant
1336.26953125,142.623046875,1379.375,168.48632812499997,how,not_relevant
1372.9091796875,146.93359375000003,1398.7724609375,166.33105468750003,tos,not_relevant
1390.1513671875,144.77832031250003,1450.4990234375,170.64160156249997,submit,not_relevant
1400.927734375,129.69140625000003,1463.4306640625,153.39941406249997,forthei,not_relevant
1444.033203125,146.93359375000003,1523.7783203125,170.64160156249997,evidence,not_relevant
1454.8095703125,129.69140625000003,1538.865234375,153.39941406249997,infraction.,not_relevant
1517.3125,144.77832031250003,1571.1943359375,172.79687499999997,ofmy,not_relevant
1541.0205078125,129.69140625000003,1609.9892578125,153.39941406249997,requestt,not_relevant
1564.728515625,146.93359375000003,1627.2314453125,170.64160156249997,currenti,not_relevant
1603.5234375,131.84667968750003,1635.8525390625,151.24414062499997,the,not_relevant
1633.697265625,131.84667968750003,1678.9580078125,151.24414062499997,court,not_relevant
1672.4921875,129.69140625000003,1737.150390625,155.55468749999997,provide,not_relevant
1730.6845703125,131.84667968750003,1849.224609375,157.7099609375,meinformation,not_relevant
1847.0693359375,138.31249999999997,1894.4853515625,157.7099609375,about,not_relevant
1888.01953125,134.00195312499997,1931.125,159.865234375,how,not_relevant
1922.50390625,138.31249999999997,1950.5224609375,159.865234375,to,not_relevant
1131.5185546875,183.57324218750003,1196.1767578125,207.28124999999997,Please,not_relevant
1191.8662109375,187.88378906249997,1237.126953125,207.28124999999997,send,not_relevant
1232.81640625,187.88378906249997,1265.1455078125,207.28124999999997,me,not_relevant
1258.6796875,187.88378906249997,1282.3876953125,207.28124999999997,a,not_relevant
1275.921875,187.88378906249997,1321.1826171875,207.28124999999997,court,not_relevant
1316.8720703125,187.88378906249997,1359.9775390625,207.28124999999997,date,not_relevant
1340.580078125,168.48632812499997,1398.7724609375,194.349609375,Ihave,not_relevant
1355.6669921875,187.88378906249997,1379.375,209.4365234375,to,not_relevant
1392.306640625,170.64160156249997,1482.828125,194.349609375,committedt,not_relevant
1437.5673828125,187.88378906249997,1497.9150390625,213.74707031250003,liowl,not_relevant
1476.3623046875,172.79687499999997,1508.69140625,192.1943359375,the,not_relevant
1489.2939453125,187.88378906249997,1541.0205078125,213.74707031250003,1may,not_relevant
1502.2255859375,170.64160156249997,1603.5234375,196.50488281250003,intraction(s),not_relevant
1532.3994140625,187.88378906249997,1571.1943359375,213.74707031250003,not,not_relevant
1562.5732421875,190.03906249999997,1646.62890625,213.74707031250003,subpoena,not_relevant
1597.0576171875,170.64160156249997,1635.8525390625,196.50488281250003,but,not_relevant
1629.38671875,172.79687499999997,1758.703125,198.66015625000003,Iwantahearingt,not_relevant
1640.1630859375,190.03906249999997,1726.3740234375,215.90234375000003,witnessest,not_relevant
1719.908203125,194.349609375,1743.6162109375,215.90234375000003,to,not_relevant
1737.150390625,194.349609375,1801.80859375,218.05761718750003,appear,not_relevant
1750.08203125,174.9521484375,1773.7900390625,198.66015625000003,to,not_relevant
1767.32421875,177.107421875,1831.982421875,200.81542968750003,explain,not_relevant
1795.3427734375,194.349609375,1834.1376953125,220.21289062499997,butv,not_relevant
1825.5166015625,179.26269531250003,1860.0009765625,202.97070312499997,the,not_relevant
1853.53515625,179.26269531250003,1967.7646484375,202.97070312499997,circumstances.,not_relevant
1133.673828125,248.23144531250003,1224.1953125,271.93945312499994,Contested!,not_relevant
1215.57421875,250.38671875000003,1291.0087890625,274.0947265625,Hearing.,not_relevant
1288.853515625,248.23144531250003,1347.0458984375,274.0947265625,Iwant,not_relevant
1340.580078125,248.23144531250003,1426.791015625,274.0947265625,tocontest,not_relevant
1420.3251953125,250.38671875000003,1515.1572265625,274.0947265625,(challenge),not_relevant
1508.69140625,248.23144531250003,1547.486328125,274.0947265625,thisi,not_relevant
1541.0205078125,250.38671875000003,1622.9208984375,274.0947265625,infraction.,not_relevant
1622.9208984375,250.38671875000003,1666.0263671875,276.25,Idd,not_relevant
1659.560546875,254.69726562499997,1694.044921875,278.4052734375,not,not_relevant
1687.5791015625,254.69726562499997,1750.08203125,278.4052734375,commit,not_relevant
1745.771484375,256.8525390625,1780.255859375,280.560546875,thei,not_relevant
1773.7900390625,256.8525390625,1855.6904296875,280.560546875,infraction.,not_relevant
1851.3798828125,256.8525390625,1916.0380859375,282.7158203125,Please,not_relevant
1907.4169921875,256.8525390625,1956.98828125,282.7158203125,send,not_relevant
1948.3671875,259.0078125,1982.8515625,282.7158203125,me,not_relevant
1131.5185546875,284.87109375000006,1196.1767578125,310.734375,Iknow!,not_relevant
1133.673828125,267.62890625000006,1198.33203125,291.3369140625,acourt,not_relevant
1189.7109375,267.62890625000006,1256.5244140625,293.4921875,dateto,not_relevant
1189.7109375,284.87109375000006,1237.126953125,310.734375,Ican,not_relevant
1247.9033203125,269.78417968750006,1314.716796875,293.4921875,appear.,not_relevant
1288.853515625,287.02636718750006,1469.896484375,310.734375,(sabpoena)winesses,not_relevant
1310.40625,265.4736328125,1353.51171875,293.4921875,The,not_relevant
1344.890625,267.62890625000006,1392.306640625,293.4921875,state,not_relevant
1387.99609375,269.78417968750006,1433.2568359375,289.18164062499994,must,not_relevant
1431.1015625,271.93945312499994,1482.828125,291.3369140625,prove,not_relevant
1478.517578125,269.78417968750006,1508.69140625,291.3369140625,bya,not_relevant
1502.2255859375,274.0947265625,1519.4677734375,291.3369140625,a,not_relevant
1510.8466796875,269.78417968750006,1635.8525390625,295.6474609375,preponderance,not_relevant
1629.38671875,269.78417968750006,1685.423828125,295.6474609375,ofthe,not_relevant
1678.9580078125,274.0947265625,1756.5478515625,297.802734375,evidencet,not_relevant
1747.9267578125,274.0947265625,1795.3427734375,299.9580078125,thatl,not_relevant
1791.0322265625,276.25,1879.3984375,299.9580078125,committed,not_relevant
1872.9326171875,276.25,1907.4169921875,299.9580078125,the,not_relevant
1900.951171875,278.4052734375,1935.435546875,297.802734375,infra,not_relevant
1926.814453125,278.4052734375,1978.541015625,297.802734375,action.,not_relevant
1133.673828125,308.5791015625,1181.08984375,327.9765625,court,not_relevant
1174.6240234375,306.42382812499994,1237.126953125,330.1318359375,willtell,not_relevant
1230.6611328125,308.5791015625,1267.30078125,327.9765625,me,not_relevant
1260.8349609375,306.42382812499994,1306.095703125,332.287109375,howt,not_relevant
1297.474609375,306.42382812499994,1323.337890625,327.9765625,tor,not_relevant
1314.716796875,306.42382812499994,1387.99609375,330.1318359375,requesta,not_relevant
1392.306640625,306.42382812499994,1472.0517578125,330.1318359375,witness's,not_relevant
1467.7412109375,308.5791015625,1569.0390625,332.287109375,appearance.,not_relevant
1571.1943359375,308.5791015625,1674.6474609375,332.287109375,lunderstand,not_relevant
1668.181640625,308.5791015625,1706.9765625,334.4423828125,this,not_relevant
1700.5107421875,310.734375,1734.9951171875,334.4423828125,will,not_relevant
1726.3740234375,310.734375,1758.703125,338.75292968750006,9o,not_relevant
1750.08203125,312.8896484375,1780.255859375,334.4423828125,on,not_relevant
1775.9453125,312.8896484375,1810.4296875,336.59765625000006,my,not_relevant
1797.498046875,308.5791015625,1976.3857421875,338.75292968750006,dimingrecordwllox,not_relevant
1868.6220703125,293.4921875,1941.9013671875,319.35546875000006,hearing.,not_relevant
1939.74609375,291.3369140625,1980.6962890625,319.35546875000006,The,not_relevant
174.5771484375,157.7099609375,232.76953125,183.57324218750003,Your,not_relevant
226.3037109375,157.7099609375,325.4462890625,183.57324218750003,response,not_relevant
323.291015625,157.7099609375,383.638671875,181.41796875000003,must,not_relevant
375.017578125,155.55468749999997,413.8125,183.57324218750003,be,not_relevant
409.501953125,157.7099609375,534.5078125,183.57324218750003,postmarked.,not_relevant
528.0419921875,155.55468749999997,564.681640625,185.72851562499997,by,not_relevant
560.37109375,157.7099609375,655.203125,183.57324218750003,midnight,not_relevant
646.58203125,155.55468749999997,681.06640625,183.57324218750003,of,not_relevant
672.4453125,155.55468749999997,717.7060546875,181.41796875000003,the,not_relevant
709.0849609375,153.39941406249997,760.8115234375,187.88378906249997,day,not_relevant
750.03515625,155.55468749999997,797.451171875,183.57324218750003,itis,not_relevant
790.9853515625,155.55468749999997,840.556640625,181.41796875000003,due,not_relevant
834.0908203125,155.55468749999997,866.419921875,183.57324218750003,at,not_relevant
857.798828125,155.55468749999997,903.0595703125,181.41796875000003,the,not_relevant
896.59375,155.55468749999997,959.0966796875,181.41796875000003,court.,not_relevant
956.94140625,157.7099609375,982.8046875,181.41796875000003,If,not_relevant
976.3388671875,157.7099609375,1023.7548828125,185.72851562499997,you,not_relevant
1017.2890625,155.55468749999997,1056.083984375,183.57324218750003,do,not_relevant
1047.462890625,155.55468749999997,1092.7236328125,183.57324218750003,not,not_relevant
1131.5185546875,166.33105468750003,1215.57421875,190.03906249999997,Mitigation,not_relevant
1209.1083984375,166.33105468750003,1284.54296875,192.1943359375,Hearing.,not_relevant
1282.3876953125,166.33105468750003,1349.201171875,192.1943359375,lagree,not_relevant
1618.6103515625,149.08886718750003,1685.423828125,172.79687499999997,inability,not_relevant
1676.802734375,151.24414062499997,1704.8212890625,172.79687499999997,to,not_relevant
1696.2001953125,149.08886718750003,1739.3056640625,174.9521484375,payi,not_relevant
1730.6845703125,151.24414062499997,1754.392578125,172.79687499999997,int,not_relevant
1745.771484375,149.08886718750003,1784.56640625,174.9521484375,full.,not_relevant
150.869140625,209.4365234375,200.4404296875,237.45507812499997,The,not_relevant
193.974609375,211.591796875,250.01171875,237.45507812499997,court,not_relevant
241.390625,209.4365234375,284.49609375,237.45507812499997,will,not_relevant
275.875,209.4365234375,321.1357421875,235.29980468750003,find,not_relevant
312.5146484375,211.591796875,362.0859375,237.45507812499997,that,not_relevant
353.46484375,211.591796875,398.7255859375,239.61035156249997,you,not_relevant
392.259765625,211.591796875,491.40234375,235.29980468750003,committed,not_relevant
484.9365234375,209.4365234375,528.0419921875,235.29980468750003,thei,not_relevant
519.4208984375,209.4365234375,612.09765625,233.14453125000003,infraction,not_relevant
605.6318359375,209.4365234375,650.892578125,235.29980468750003,and,not_relevant
644.4267578125,209.4365234375,685.376953125,235.29980468750003,the,not_relevant
678.9111328125,209.4365234375,808.2275390625,235.29980468750003,determination,not_relevant
801.76171875,209.4365234375,844.8671875,235.29980468750003,will,not_relevant
836.24609375,209.4365234375,870.73046875,237.45507812499997,be,not_relevant
864.2646484375,209.4365234375,913.8359375,235.29980468750003,final,not_relevant
907.3701171875,211.591796875,974.18359375,235.29980468750003,unless,not_relevant
969.873046875,211.591796875,1069.015625,237.45507812499997,contested;,not_relevant
1131.5185546875,202.97070312499997,1196.1767578125,226.6787109375,attendv,not_relevant
1183.2451171875,202.97070312499997,1278.0771484375,228.833984375,voluntarily.,not_relevant
1275.921875,205.12597656249997,1416.0146484375,228.833984375,lunderstandthisv,not_relevant
1405.23828125,207.28124999999997,1437.5673828125,226.6787109375,will,not_relevant
1431.1015625,205.12597656249997,1469.896484375,233.14453125000003,goo,not_relevant
1461.275390625,209.4365234375,1489.2939453125,228.833984375,on,not_relevant
1482.828125,207.28124999999997,1517.3125,230.98925781250003,my,not_relevant
1510.8466796875,205.12597656249997,1569.0390625,230.98925781250003,driving,not_relevant
1562.5732421875,207.28124999999997,1625.076171875,230.98925781250003,recordi,not_relevant
1614.2998046875,207.28124999999997,1689.734375,230.98925781250003,if'trafic",not_relevant
1685.423828125,209.4365234375,1709.1318359375,230.98925781250003,is,not_relevant
1702.666015625,211.591796875,1780.255859375,235.29980468750003,checked.,not_relevant
1775.9453125,211.591796875,1819.05078125,237.45507812499997,Thoc,not_relevant
1808.2744140625,213.74707031250003,1860.0009765625,239.61035156249997,court,not_relevant
1823.361328125,196.50488281250003,1907.4169921875,220.21289062499997,witnesses,not_relevant
1851.3798828125,213.74707031250003,1896.640625,241.76562499999997,maya,not_relevant
1888.01953125,213.74707031250003,1937.5908203125,239.61035156249997,allowt,not_relevant
1898.7958984375,196.50488281250003,1941.9013671875,222.36816406249997,can,not_relevant
1928.9697265625,213.74707031250003,1974.23046875,239.61035156249997,time,not_relevant
148.7138671875,233.14453125000003,202.595703125,261.1630859375,your,not_relevant
198.28515625,233.14453125000003,271.564453125,259.0078125,penalty,not_relevant
262.943359375,233.14453125000003,314.669921875,259.0078125,may,not_relevant
306.048828125,233.14453125000003,344.84375,259.0078125,bei,not_relevant
338.3779296875,233.14453125000003,439.67578125,256.8525390625,increased;,not_relevant
435.365234375,230.98925781250003,500.0234375,256.8525390625,failure,not_relevant
493.5576171875,233.14453125000003,521.576171875,254.69726562499997,to,not_relevant
512.955078125,233.14453125000003,560.37109375,259.0078125,pay,not_relevant
553.9052734375,233.14453125000003,581.923828125,254.69726562499997,or,not_relevant
575.4580078125,230.98925781250003,640.1162109375,254.69726562499997,failure,not_relevant
633.650390625,228.833984375,665.9794921875,256.8525390625,to,not_relevant
657.3583984375,230.98925781250003,715.55078125,256.8525390625,enter,not_relevant
709.0849609375,230.98925781250003,754.345703125,256.8525390625,into,not_relevant
745.724609375,233.14453125000003,769.4326171875,256.8525390625,a,not_relevant
762.966796875,233.14453125000003,851.3330078125,259.0078125,payment,not_relevant
844.8671875,233.14453125000003,894.4384765625,261.1630859375,plan,not_relevant
887.97265625,233.14453125000003,937.5439453125,259.0078125,may,not_relevant
931.078125,233.14453125000003,991.42578125,259.0078125,result,not_relevant
982.8046875,233.14453125000003,1030.220703125,259.0078125,ina,not_relevant
146.55859375,254.69726562499997,224.1484375,278.4052734375,referral,not_relevant
221.9931640625,252.54199218750006,290.9619140625,278.4052734375,ofyour,not_relevant
284.49609375,252.54199218750006,340.533203125,278.4052734375,case,not_relevant
331.912109375,250.38671875000003,364.2412109375,278.4052734375,to,not_relevant
357.775390625,254.69726562499997,379.328125,276.25,a,not_relevant
372.8623046875,252.54199218750006,465.5390625,276.25,collection:,not_relevant
461.228515625,252.54199218750006,538.818359375,278.4052734375,agency,not_relevant
536.6630859375,252.54199218750006,625.029296875,278.4052734375,including,not_relevant
622.8740234375,252.54199218750006,739.2587890625,278.4052734375,gamishment,not_relevant
734.9482421875,250.38671875000003,767.27734375,278.4052734375,of,not_relevant
758.65625,252.54199218750006,808.2275390625,278.4052734375,your,not_relevant
801.76171875,254.69726562499997,870.73046875,280.560546875,wages,not_relevant
864.2646484375,252.54199218750006,909.525390625,278.4052734375,and,not_relevant
903.0595703125,254.69726562499997,976.3388671875,280.560546875,assets;,not_relevant
972.0283203125,252.54199218750006,1043.15234375,278.4052734375,ANDif,not_relevant
140.0927734375,330.1318359375,237.080078125,353.83984375000006,PARKING,not_relevant
275.875,330.1318359375,325.4462890625,355.99511718750006,DOL,not_relevant
318.98046875,332.287109375,364.2412109375,358.15039062499994,may,not_relevant
353.46484375,332.287109375,413.8125,358.15039062499994,refuse,not_relevant
407.3466796875,332.287109375,487.091796875,355.99511718750006,torenew,not_relevant
480.6259765625,332.287109375,525.88671875,358.15039062499994,your,not_relevant
519.4208984375,332.287109375,586.234375,355.99511718750006,vehicle,not_relevant
579.7685546875,332.287109375,678.9111328125,358.15039062499994,registration,not_relevant
672.4453125,330.1318359375,717.7060546875,358.15039062499994,unti,not_relevant
711.240234375,332.287109375,752.1904296875,358.15039062499994,any,not_relevant
743.5693359375,332.287109375,825.4697265625,358.15039062499994,penalties,not_relevant
823.314453125,332.287109375,937.5439453125,358.15039062499994,imposedhave,not_relevant
933.2333984375,334.4423828125,980.6494140625,353.83984375000006,been,not_relevant
976.3388671875,330.1318359375,1053.9287109375,355.99511718750006,satished.,not_relevant
303.8935546875,353.83984375000006,672.4453125,384.013671875,Checkoedne-4borestomerigmgns,not_relevant
659.513671875,355.99511718750006,713.3955078125,381.8583984375,sign,not_relevant
704.7744140625,355.99511718750006,836.24609375,381.8583984375,date and mail,not_relevant
829.7802734375,355.99511718750006,915.9912109375,379.703125,thisform,not_relevant
907.3701171875,353.83984375000006,944.009765625,381.8583984375,to:,not_relevant
1131.5185546875,222.36816406249997,1215.57421875,248.23144531250003,payments,not_relevant
1211.263671875,224.52343749999997,1237.126953125,246.076171875,or,not_relevant
1230.6611328125,222.36816406249997,1295.3193359375,246.076171875,reduce,not_relevant
1286.6982421875,222.36816406249997,1325.4931640625,248.23144531250003,thep,not_relevant
1316.8720703125,222.36816406249997,1381.5302734375,248.23144531250003,penalty,not_relevant
1377.2197265625,222.36816406249997,1433.2568359375,248.23144531250003,where,not_relevant
1428.9462890625,224.52343749999997,1497.9150390625,248.23144531250003,allowed,not_relevant
1489.2939453125,222.36816406249997,1521.623046875,250.38671875000003,byl,not_relevant
1510.8466796875,222.36816406249997,1556.107421875,250.38671875000003,law.,not_relevant
1228.505859375,287.02636718750006,1295.3193359375,312.8896484375,require,not_relevant
1131.5185546875,323.66601562499994,1174.6240234375,349.529296875,and",not_relevant
1168.158203125,323.66601562499994,1232.81640625,347.3740234375,"traffic"i,not_relevant
1224.1953125,325.8212890625,1250.05859375,347.3740234375,is,not_relevant
1243.5927734375,325.8212890625,1323.337890625,349.529296875,checked.,not_relevant
1097.0341796875,351.6845703125,1135.8291015625,379.703125,My,not_relevant
1129.36328125,353.83984375000006,1260.8349609375,379.703125,mailingaddressi,not_relevant
1252.2138671875,355.99511718750006,1280.232421875,377.5478515625,is:,not_relevant
1278.0771484375,353.83984375000006,1364.2880859375,377.5478515625,(PLEASE,not_relevant
1355.6669921875,353.83984375000006,1424.6357421875,379.703125,PRINT),not_relevant
1097.0341796875,377.5478515625,1159.537109375,401.255859375,Name:,not_relevant
1101.3447265625,444.36132812499994,1196.1767578125,468.0693359375,Telephone:,not_relevant
1107.810546875,465.9140625,1232.81640625,491.77734375000006,Isinterpreter,not_relevant
1228.505859375,465.9140625,1308.2509765625,489.6220703125,needed?,not_relevant
1308.2509765625,461.60351562500006,1405.23828125,493.93261718750006,Language:,not_relevant
1097.0341796875,504.708984375,1129.36328125,532.7275390625,X:,not_relevant
144.4033203125,278.4052734375,234.9248046875,304.26855468750006,TRAERIC,not_relevant
273.7197265625,276.25,318.98046875,302.11328125000006,You,not_relevant
310.359375,278.4052734375,357.775390625,304.26855468750006,may,not_relevant
349.154296875,276.25,394.4150390625,304.26855468750006,lose,not_relevant
385.7939453125,280.560546875,433.2099609375,306.42382812499994,your,not_relevant
426.744140625,278.4052734375,491.40234375,302.11328125000006,driver's,not_relevant
484.9365234375,278.4052734375,622.8740234375,302.11328125000006,license/privilege.,not_relevant
144.4033203125,304.26855468750006,198.28515625,332.287109375,NON-,not_relevant
191.8193359375,306.42382812499994,275.875,332.287109375,TRAFFIG,not_relevant
271.564453125,304.26855468750006,316.8251953125,330.1318359375,Itisa,not_relevant
321.1357421875,304.26855468750006,377.1728515625,330.1318359375,crime,not_relevant
368.5517578125,304.26855468750006,411.6572265625,330.1318359375,and,not_relevant
403.0361328125,304.26855468750006,463.3837890625,330.1318359375,willbe,not_relevant
454.7626953125,306.42382812499994,614.2529296875,332.287109375,treatedaccordingy,not_relevant
137.9375,379.703125,198.28515625,405.56640625000006,Court,not_relevant
191.8193359375,381.8583984375,260.7880859375,405.56640625000006,contacti,not_relevant
256.4775390625,379.703125,357.775390625,405.56640625000006,information:,not_relevant
137.9375,401.255859375,209.0615234375,427.11914062500006,Phone,not_relevant
200.4404296875,399.1005859375,232.76953125,427.11914062500006,1:,not_relevant
232.76953125,403.4111328125,362.0859375,427.11914062500006,(360)337-7109,not_relevant
140.0927734375,422.80859375000006,232.76953125,448.671875,Hearings:,not_relevant
230.6142578125,422.80859375000006,443.986328125,446.5166015625,aisincdtcoum@HispgPw,not_relevant
140.0927734375,442.20605468749994,234.9248046875,468.0693359375,Payment:,not_relevant
137.9375,459.44824218750006,375.017578125,489.6220703125,htpsscterapaitma,not_relevant
140.0927734375,478.84570312499994,463.3837890625,509.01953124999994,MowieAlAeN,not_relevant
452.607421875,481.0009765625,571.1474609375,504.708984375,877-495-2729,not_relevant
1465.5859375,287.02636718750006,1571.1943359375,312.8896484375,includingthe,not_relevant
1564.728515625,287.02636718750006,1622.9208984375,312.8896484375,officer,not_relevant
1616.455078125,291.3369140625,1657.4052734375,310.734375,who,not_relevant
1653.0947265625,293.4921875,1700.5107421875,312.8896484375,wrote,not_relevant
1694.044921875,291.3369140625,1732.83984375,317.2001953125,thet,not_relevant
1722.0634765625,291.3369140625,1775.9453125,317.2001953125,ticket,not_relevant
1771.634765625,293.4921875,1799.6533203125,315.044921875,toa,not_relevant
1791.0322265625,293.4921875,1877.2431640625,317.2001953125,atlendthe!,not_relevant
310.359375,310.734375,327.6015625,327.9765625,a,not_relevant
661.6689453125,392.63476562499994,793.140625,431.4296875,Winthrop,not_relevant
793.140625,392.63476562499994,931.078125,431.4296875,Municipal,not_relevant
933.2333984375,392.63476562499994,1015.1337890625,427.11914062500006,Court,not_relevant
1012.978515625,394.7900390625,1075.4814453125,429.2744140625,208,not_relevant
1097.0341796875,399.1005859375,1157.3818359375,422.80859375000006,Street,not_relevant
1150.916015625,399.1005859375,1176.779296875,422.80859375000006,or,not_relevant
1168.158203125,396.9453125,1211.263671875,422.80859375000006,POE,not_relevant
1198.33203125,396.9453125,1243.5927734375,422.80859375000006,Box:,not_relevant
672.4453125,422.80859375000006,806.072265625,455.1376953125,Riverside,not_relevant
803.9169921875,422.80859375000006,868.5751953125,457.29296875000006,Ave,not_relevant
870.73046875,427.11914062500006,1004.357421875,459.44824218750006,Winthrop,not_relevant
1006.5126953125,422.80859375000006,1069.015625,459.44824218750006,WA,not_relevant
1097.0341796875,420.6533203125,1144.4501953125,448.671875,City:,not_relevant
821.1591796875,455.1376953125,915.9912109375,487.466796875,98862,not_relevant
1836.29296875,396.9453125,1881.5537109375,424.96386718750006,Aot,not_relevant
1769.4794921875,418.498046875,1860.0009765625,450.8271484375,Zp.Code:,not_relevant
1631.5419921875,416.3427734375,1687.5791015625,442.20605468749994,State:,not_relevant
1635.8525390625,442.20605468749994,1687.5791015625,461.60351562500006,Email:,not_relevant
1588.4365234375,521.951171875,1657.4052734375,547.814453125,(DATE),not_relevant
1670.3369140625,552.125,1771.634765625,577.98828125,REPORT#:,not_relevant
1478.517578125,599.5410156250001,1612.14453125,625.404296875,PLAINTIFFVS.,not_relevant
1607.833984375,599.5410156250001,1683.2685546875,625.404296875,NAMED,not_relevant
1676.802734375,599.5410156250001,1788.876953125,625.404296875,DEFENDANT,not_relevant
1528.0888671875,642.646484375,1609.9892578125,668.509765625,MIDDLE,not_relevant
1732.83984375,642.646484375,1775.9453125,670.6650390625,SFX,not_relevant
1517.3125,664.19921875,1566.8837890625,690.0625,YU,not_relevant
1562.5732421875,664.19921875,1612.14453125,692.2177734375,RIE,not_relevant
1575.5048828125,709.4599609375,1646.62890625,735.3232421875,STATE,not_relevant
1702.666015625,709.4599609375,1795.3427734375,733.16796875,ZIPCODE,not_relevant
1648.7841796875,722.3916015625,1698.35546875,748.2548828125,WA,not_relevant
1252.2138671875,526.26171875,1375.064453125,549.9697265625,(SIGNATURE).,not_relevant
1862.15625,526.26171875,1974.23046875,549.9697265625,3A0561352,not_relevant
163.80078125,552.125,312.5146484375,575.8330078124999,INFRACTION,not_relevant
314.669921875,547.814453125,428.8994140625,580.1435546875,TRAFFIC,not_relevant
426.744140625,547.814453125,590.544921875,580.1435546875,NON-TRAFFICI,not_relevant
601.3212890625,552.125,698.30859375,577.98828125,PARKING,not_relevant
700.4638671875,554.2802734375,816.8486328125,580.1435546875,LEAORI#,not_relevant
816.8486328125,554.2802734375,950.4755859375,580.1435546875,WA0180000,not_relevant
984.9599609375,556.435546875,1056.083984375,582.298828125,COURT,not_relevant
1049.6181640625,556.435546875,1114.2763671875,582.298828125,ORI#,not_relevant
1107.810546875,554.2802734375,1239.2822265625,580.1435546875,WA018013J,not_relevant
1310.40625,554.2802734375,1446.1884765625,580.1435546875,INFRACTION#,not_relevant
1456.96484375,554.2802734375,1482.828125,577.98828125,A,not_relevant
165.9560546875,580.1435546875,234.9248046875,606.0068359375,INTHE,not_relevant
234.9248046875,577.98828125,353.46484375,603.8515625,VDISTRICT,not_relevant
407.3466796875,577.98828125,519.4208984375,603.8515625,MUNICIPAL,not_relevant
517.265625,575.8330078124999,618.5634765625,601.6962890625,COURTOF,not_relevant
168.111328125,597.3857421875,262.943359375,629.71484375,OSTATE,not_relevant
254.322265625,597.3857421875,290.9619140625,627.5595703125,OF,not_relevant
286.6513671875,599.5410156250001,415.9677734375,625.404296875,WASHINGTON,not_relevant
422.43359375,595.23046875,566.8369140625,627.5595703125,COUNTYOF,not_relevant
581.923828125,599.5410156250001,676.755859375,625.404296875,KITSAP,not_relevant
157.3349609375,646.95703125,329.7568359375,670.6650390625,DRIVERSLICENSE,not_relevant
323.291015625,644.8017578125,364.2412109375,672.8203125,NO.,not_relevant
157.3349609375,668.509765625,260.7880859375,694.373046875,(SCANNED),not_relevant
155.1796875,690.0625,336.22265625,720.236328125,WDL666Z6J23B,not_relevant
150.869140625,713.7705078125,250.01171875,739.6337890625,ADDRESS,not_relevant
275.875,709.4599609375,469.849609375,739.6337890625,4225TRACYTON,not_relevant
467.6943359375,711.615234375,640.1162109375,735.3232421875,BEACHRDNW,not_relevant
153.0244140625,756.8759765625,258.6328125,782.7392578125,EMPLOYER,not_relevant
153.0244140625,776.2734375,299.5830078125,808.6025390625,DATEOFBIRTH,not_relevant
303.8935546875,778.4287109375,372.8623046875,804.2919921875,'RACE,not_relevant
392.259765625,776.2734375,504.333984375,799.9814453125,EHHNIGHT,not_relevant
521.576171875,778.4287109375,573.302734375,804.2919921875,'SEX,not_relevant
159.490234375,799.9814453125,267.25390625,825.8447265625,07-27-01,dob
306.048828125,799.9814453125,342.6884765625,828.0,A,not_relevant
146.55859375,823.689453125,306.048828125,849.5527343749999,VIOLATIONDATE,not_relevant
148.7138671875,845.2421875000001,396.5703125,875.4160156250001,GKORABGTO7202023,not_relevant
394.4150390625,845.2421875000001,461.228515625,871.10546875,18:42,not_relevant
465.5390625,845.2421875000001,532.3525390625,871.10546875,LANG:,not_relevant
153.0244140625,903.4345703125,260.7880859375,929.2978515625,VEHLICNO,not_relevant
146.55859375,927.142578125,256.4775390625,950.8505859374999,BPH6444,not_relevant
150.869140625,948.6953124999999,271.564453125,974.55859375,TR#ILICNO,not_relevant
148.7138671875,993.9560546875,407.3466796875,1017.6640624999999,CMRERCWPANKIFOTHER,not_relevant
400.880859375,993.9560546875,525.88671875,1017.6640624999999,THAN_DRMVER,not_relevant
562.5263671875,989.6455078125,747.8798828125,1019.8193359374999,PETERSPARK,not_relevant
148.7138671875,1015.5087890625001,243.5458984375,1041.3720703125,ADDRESS,not_relevant
148.7138671875,1039.216796875,206.90625,1065.080078125,7297,not_relevant
204.7509765625,1039.216796875,275.875,1065.080078125,LONE,not_relevant
273.7197265625,1039.216796875,441.8310546875,1067.2353515625,EAGLEPLNW,not_relevant
144.4033203125,1062.9248046875,206.90625,1088.7880859375,7297,not_relevant
200.4404296875,1062.9248046875,275.875,1086.6328125,LONE,not_relevant
269.4091796875,1062.9248046875,437.5205078125,1086.6328125,EAGLEPLNW,not_relevant
146.55859375,1084.4775390625,243.5458984375,1110.3408203125,ACCIDENT,not_relevant
142.248046875,1108.185546875,189.6640625,1136.2041015625,NO,not_relevant
698.30859375,577.98828125,788.830078125,603.8515625,KITSAP,not_relevant
790.9853515625,580.1435546875,903.0595703125,603.8515625,DISTRICT,not_relevant
896.59375,580.1435546875,987.115234375,606.0068359375,COURT,not_relevant
967.7177734375,601.6962890625,1081.947265625,625.404296875,CITY/TOWN,not_relevant
1073.326171875,599.5410156250001,1112.12109375,627.5595703125,OF,not_relevant
931.078125,670.6650390625,1032.3759765625,702.994140625,Shaffer,last_name
780.208984375,711.615234375,810.3828125,733.16796875,IF,not_relevant
801.76171875,709.4599609375,944.009765625,735.3232421875,NEWADDRESS,not_relevant
946.1650390625,709.4599609375,997.8916015625,735.3232421875,CITY,not_relevant
778.0537109375,733.16796875,903.0595703125,759.03125,PASSENGER,not_relevant
1006.5126953125,724.546875,1157.3818359375,750.41015625,BREMERTON,not_relevant
948.3203125,754.720703125,1090.568359375,780.583984375,EMPLOCATION,not_relevant
659.513671875,778.4287109375,741.4140625,804.2919921875,HEIGHT,not_relevant
806.072265625,776.2734375,892.283203125,802.13671875,WEIGHT,not_relevant
956.94140625,776.2734375,1021.599609375,802.13671875,'EYES,not_relevant
1103.5,776.2734375,1161.6923828125,802.13671875,'HAIR,not_relevant
661.6689453125,797.826171875,728.482421875,823.689453125,5'01",not_relevant
810.3828125,797.826171875,859.9541015625,823.689453125,115,not_relevant
956.94140625,793.515625,1025.91015625,825.8447265625,BRO,not_relevant
1109.9658203125,795.6708984375,1168.158203125,823.689453125,BRO,not_relevant
819.00390625,821.5341796875,950.4755859375,847.3974609374999,'ATLOCATION,not_relevant
989.2705078125,817.2236328125,1056.083984375,849.5527343749999,PINE,not_relevant
1047.462890625,817.2236328125,1131.5185546875,849.5527343749999,RDNE,not_relevant
821.1591796875,845.2421875000001,991.42578125,868.9501953125,REF.TRAFFICWAY,not_relevant
797.451171875,922.83203125,939.69921875,946.5400390625001,MITSUBISHL,not_relevant
734.9482421875,623.2490234375,782.3642578125,651.267578125,THE,not_relevant
778.0537109375,625.404296875,915.9912109375,649.1123046875,UNDERSIGNED,not_relevant
913.8359375,625.404296875,1012.978515625,649.1123046875,CERTIFIES,not_relevant
1006.5126953125,625.404296875,1056.083984375,651.267578125,AND,not_relevant
1051.7734375,625.404296875,1107.810546875,651.267578125,SAYS,not_relevant
1103.5,625.404296875,1181.08984375,651.267578125,THATIN,not_relevant
1174.6240234375,625.404296875,1219.884765625,651.267578125,THE,not_relevant
1213.4189453125,625.404296875,1280.232421875,651.267578125,STATE,not_relevant
1275.921875,627.5595703125,1310.40625,651.267578125,OFI,not_relevant
1303.9404296875,625.404296875,1435.412109375,649.1123046875,WASHINGTON,not_relevant
467.6943359375,644.8017578125,622.8740234375,670.6650390625,STATE/EXPIRES,not_relevant
646.58203125,644.8017578125,840.556640625,668.509765625,PHOTOIDMATCHED,not_relevant
855.6435546875,644.8017578125,922.45703125,670.6650390625,NAME:,not_relevant
924.6123046875,644.8017578125,980.6494140625,670.6650390625,LAST,not_relevant
478.470703125,666.3544921875,530.197265625,692.2177734375,WA,not_relevant
536.6630859375,666.3544921875,637.9609375,692.2177734375,03-01-28,not_relevant
642.271484375,666.3544921875,730.6376953125,707.3046875,YES,not_relevant
741.4140625,670.6650390625,808.2275390625,707.3046875,ONO,not_relevant
1234.9716796875,646.95703125,1297.474609375,672.8203125,FIRST,not_relevant
1245.748046875,670.6650390625,1325.4931640625,702.994140625,Linda,first_name
1860.0009765625,644.8017578125,1941.9013671875,670.6650390625,CDUCLP,not_relevant
1864.3115234375,664.19921875,1937.5908203125,696.5283203125,DYES,not_relevant
1937.5908203125,662.0439453125,2004.404296875,696.5283203125,NO,not_relevant
1801.80859375,724.546875,1918.193359375,748.2548828125,983102060,not_relevant
1256.5244140625,778.4287109375,1381.5302734375,802.13671875,RESIDENTIAL,not_relevant
1377.2197265625,776.2734375,1448.34375,802.13671875,PHONE,not_relevant
1444.033203125,776.2734375,1487.138671875,802.13671875,NO.,not_relevant
1515.1572265625,776.2734375,1638.0078125,799.9814453125,CELUPAGER,not_relevant
1633.697265625,776.2734375,1706.9765625,799.9814453125,PHONE,not_relevant
1700.5107421875,774.1181640625,1745.771484375,802.13671875,NO.,not_relevant
1773.7900390625,774.1181640625,1840.603515625,799.9814453125,WORK,not_relevant
1834.1376953125,776.2734375,1907.4169921875,799.9814453125,PHONEN,not_relevant
1894.4853515625,776.2734375,1941.9013671875,802.13671875,NO.,not_relevant
525.88671875,795.6708984375,560.37109375,823.689453125,M,gender
465.5390625,819.37890625,715.55078125,849.5527343749999,MIERPRETEKNEDED,not_relevant
415.9677734375,899.1240234375,487.091796875,931.453125,STATE,not_relevant
508.64453125,901.279296875,597.0107421875,927.142578125,EXPIRES,not_relevant
648.7373046875,901.279296875,726.3271484375,927.142578125,VEHYR,not_relevant
795.2958984375,901.279296875,857.798828125,927.142578125,MAKE,not_relevant
413.8125,920.6767578125,469.849609375,955.1611328125,WA,not_relevant
508.64453125,924.9873046875,609.9423828125,950.8505859374999,04-26-24,not_relevant
644.4267578125,920.6767578125,711.240234375,953.0058593749999,2007,not_relevant
415.9677734375,946.5400390625001,484.9365234375,972.4033203125,STATE,not_relevant
508.64453125,946.5400390625001,594.85546875,972.4033203125,EXPIRES,not_relevant
646.58203125,946.5400390625001,713.3955078125,972.4033203125,TRYR,not_relevant
1515.1572265625,819.37890625,1564.728515625,845.2421875000001,M.P.,not_relevant
1683.2685546875,819.37890625,1812.5849609375,845.2421875000001,CIYICOUNTY,not_relevant
1806.119140625,821.5341796875,1840.603515625,845.2421875000001,OF,not_relevant
1519.4677734375,840.9316406250001,1607.833984375,866.794921875,BLOCK#,not_relevant
1599.212890625,840.9316406250001,1661.7158203125,866.794921875,4000,not_relevant
1681.11328125,838.7763671875001,1760.8583984375,864.6396484375,KITSAP,not_relevant
1579.8154296875,899.1240234375,1650.939453125,924.9873046875,STYLE,not_relevant
1579.8154296875,916.3662109374999,1683.2685546875,948.6953124999999,UTILITY,not_relevant
1420.3251953125,944.3847656250001,1493.6044921875,970.248046875,STATE,not_relevant
1510.8466796875,940.07421875,1603.5234375,972.4033203125,EXPIRES,not_relevant
1648.7841796875,940.07421875,1717.7529296875,972.4033203125,TRYR,not_relevant
1569.0390625,1006.8876953125,1642.318359375,1039.216796875,STATE,not_relevant
1672.4921875,1009.04296875,1769.4794921875,1034.90625,ZIPCODE,not_relevant
1571.1943359375,1032.7509765625,1622.9208984375,1058.6142578125,WA,not_relevant
1672.4921875,1030.595703125,1752.2373046875,1062.9248046875,98312,not_relevant
693.998046875,877.5712890625001,739.2587890625,903.4345703125,DID,not_relevant
734.9482421875,877.5712890625001,883.662109375,901.279296875,OPERATEPARK,not_relevant
881.5068359375,879.7265624999999,922.45703125,899.1240234375,THE,not_relevant
920.3017578125,877.5712890625001,1038.841796875,901.279296875,FOLLOWINGI,not_relevant
1030.220703125,877.5712890625001,1118.5869140625,901.279296875,VEHICLE,not_relevant
1109.9658203125,875.4160156250001,1170.3134765625,901.279296875,ONAE,not_relevant
1157.3818359375,877.5712890625001,1237.126953125,901.279296875,PUBLICI,not_relevant
1230.6611328125,877.5712890625001,1433.2568359375,901.279296875,HICHWAYPROPERIYI,not_relevant
1422.48046875,879.7265624999999,1469.896484375,899.1240234375,AND,not_relevant
1191.8662109375,899.1240234375,1267.30078125,924.9873046875,MODEL,not_relevant
1191.8662109375,920.6767578125,1344.890625,946.5400390625001,OUTLANDER,not_relevant
1114.2763671875,942.2294921875001,1239.2822265625,968.0927734375,TR#2LICNO,not_relevant
1890.1748046875,896.96875,1967.7646484375,922.83203125,CCLOR,not_relevant
1892.330078125,918.5214843749999,1976.3857421875,944.3847656250001,WHITE,not_relevant
991.42578125,1011.1982421875001,1043.15234375,1037.0615234375,CITY,not_relevant
993.5810546875,1034.90625,1148.7607421875,1058.6142578125,BREMERTON,not_relevant
364.2412109375,1084.4775390625,493.5576171875,1110.3408203125,COMMERCIAL,not_relevant
521.576171875,1082.322265625,577.61328125,1110.3408203125,YES,not_relevant
616.408203125,1084.4775390625,663.82421875,1110.3408203125,16+,not_relevant
693.998046875,1080.1669921875,756.5009765625,1110.3408203125,YES,not_relevant
795.2958984375,1082.322265625,879.3515625,1108.185546875,HAZMAT,not_relevant
909.525390625,1080.1669921875,961.251953125,1108.185546875,YES,not_relevant
364.2412109375,1106.0302734375,452.607421875,1131.8935546875,VEHICLE,not_relevant
493.5576171875,1103.875,573.302734375,1136.2041015625,MNO,not_relevant
616.408203125,1106.0302734375,670.2900390625,1131.8935546875,BUS,not_relevant
670.2900390625,1101.7197265625,750.03515625,1134.048828125,NO,not_relevant
1129.36328125,1080.1669921875,1213.4189453125,1103.875,EXEMPT,not_relevant
1252.2138671875,1078.01171875,1306.095703125,1103.875,FIRE,not_relevant
1127.2080078125,1099.564453125,1217.7294921875,1125.427734375,VEHICLE,not_relevant
1252.2138671875,1099.564453125,1299.6298828125,1127.5830078125,LEA,not_relevant
887.97265625,1103.875,954.7861328125,1129.73828125,ANO,not_relevant
775.8984375,1140.5146484375,823.314453125,1166.3779296875,DID1,not_relevant
812.5380859375,1140.5146484375,915.9912109375,1166.3779296875,THENAND,not_relevant
911.6806640625,1138.359375,982.8046875,1164.22265625,THERE,not_relevant
978.494140625,1138.359375,1120.7421875,1164.22265625,COMMTEACH,not_relevant
1107.810546875,1138.359375,1146.60546875,1164.22265625,OF,not_relevant
1140.1396484375,1136.2041015625,1403.0830078125,1166.3779296875,NEFOLOMIMGOEFDISES,not_relevant
713.3955078125,1187.9306640625,842.7119140625,1211.638671875,SPEEDING,not_relevant
838.4013671875,1185.775390625,877.1962890625,1213.7939453125,13,not_relevant
870.73046875,1185.775390625,933.2333984375,1211.638671875,MPH,not_relevant
928.9228515625,1185.775390625,1004.357421875,1211.638671875,OVER,not_relevant
1000.046875,1181.46484375,1075.4814453125,1213.7939453125,LIMIT,not_relevant
1069.015625,1183.6201171875,1114.2763671875,1211.638671875,(40,not_relevant
1107.810546875,1183.6201171875,1157.3818359375,1211.638671875,OR,not_relevant
1144.4501953125,1181.46484375,1176.779296875,1211.638671875,U,not_relevant
135.7822265625,1166.3779296875,254.322265625,1190.0859375,VEHSPEED,not_relevant
290.9619140625,1166.3779296875,321.1357421875,1187.9306640625,38.,not_relevant
351.3095703125,1166.3779296875,400.880859375,1192.2412109375,INA,not_relevant
437.5205078125,1164.22265625,476.3154296875,1192.2412109375,25,not_relevant
508.64453125,1166.3779296875,573.302734375,1192.2412109375,ZONE,not_relevant
644.4267578125,1157.7568359375,732.79296875,1192.2412109375,SMD,not_relevant
762.966796875,1159.912109375,840.556640625,1192.2412109375,PACE,not_relevant
862.109375,1162.0673828125,965.5625,1187.9306640625,AIRCRAFT,not_relevant
144.4033203125,1190.0859375,349.154296875,1213.7939453125,LVIOLATIONSTATUTE,not_relevant
342.6884765625,1187.9306640625,405.19140625,1213.7939453125,CODE,not_relevant
409.501953125,1187.9306640625,519.4208984375,1213.7939453125,46.61.400,not_relevant
137.9375,1235.3466796875,400.880859375,1259.0546875,ZVOLATONSTATUIECOOE,not_relevant
127.1611328125,1280.607421875,400.880859375,1310.78125,AVOLATONSTAILIECODE,not_relevant
122.8505859375,1328.0234375,400.880859375,1358.197265625,AVOLATONSTATUIECOOE,not_relevant
122.8505859375,1373.2841796875,346.9990234375,1403.4580078125,SVIOLATINISTATUTEG,not_relevant
336.22265625,1377.5947265625,398.7255859375,1401.3027343750002,CODE,not_relevant
118.5400390625,1422.8554687499998,234.9248046875,1446.5634765625,RELATEDE,not_relevant
1803.9638671875,1179.3095703125,1909.572265625,1205.1728515625,PENALTYS,not_relevant
1916.0380859375,1174.9990234375,1995.783203125,1207.328125,176.00,not_relevant
1799.6533203125,1220.259765625,1911.7275390625,1252.5888671874998,IPENALTYS,not_relevant
1801.80859375,1269.8310546875,1911.7275390625,1295.6943359375002,PENALTYS,not_relevant
1803.9638671875,1315.091796875,1911.7275390625,1340.955078125,PENALTYS,not_relevant
1801.80859375,1360.3525390625,1911.7275390625,1386.2158203124998,PENALTYS,not_relevant
1747.9267578125,1403.4580078125,1924.6591796875,1433.6318359375002,TOTALPENALTYS,not_relevant
1920.3486328125,1405.61328125,2006.5595703125,1431.4765625,176.00,not_relevant
480.6259765625,1418.544921875,620.71875,1450.8740234375,DATEISSUED,not_relevant
633.650390625,1418.544921875,743.5693359375,1444.408203125,08-10-82,issue_date
140.0927734375,1453.029296875,245.701171875,1487.513671875,TICKET,not_relevant
243.5458984375,1455.1845703124998,327.6015625,1481.0478515625,SERVED,not_relevant
323.291015625,1455.1845703124998,366.396484375,1481.0478515625,ONV,not_relevant
353.46484375,1453.029296875,551.75,1483.203125,VIOLATOR/VEHICLE,not_relevant
603.4765625,1450.8740234375,704.7744140625,1485.3583984375,TICKET,not_relevant
700.4638671875,1455.1845703124998,760.8115234375,1481.0478515625,SENT,not_relevant
756.5009765625,1453.029296875,859.9541015625,1478.892578125,TOCOURT,not_relevant
853.48828125,1453.029296875,905.21484375,1478.892578125,FORI,not_relevant
896.59375,1453.029296875,987.115234375,1476.7373046875,MAILING,not_relevant
1062.5498046875,1450.8740234375,1159.537109375,1476.7373046875,TICKET,not_relevant
1159.537109375,1448.71875,1269.4560546875,1472.4267578125,REFERRED,not_relevant
1265.1455078125,1446.5634765625,1426.791015625,1472.4267578125,TOPROSECUTOR,not_relevant
120.6953125,1485.3583984375,327.6015625,1515.5322265625,IGERTIFYUNCERFENAT,not_relevant
316.8251953125,1491.8242187499998,368.5517578125,1511.2216796875,TYOF,not_relevant
364.2412109375,1487.513671875,508.64453125,1513.376953125,PERJURYUNDER,not_relevant
502.1787109375,1485.3583984375,545.2841796875,1511.2216796875,THE,not_relevant
538.818359375,1485.3583984375,620.71875,1511.2216796875,LAWSOF,not_relevant
614.2529296875,1485.3583984375,655.203125,1511.2216796875,THE,not_relevant
648.7373046875,1485.3583984375,734.9482421875,1511.2216796875,STATEOF,not_relevant
730.6376953125,1485.3583984375,849.177734375,1509.06640625,WASHINGTON,not_relevant
844.8671875,1487.513671875,894.4384765625,1506.9111328125,THATI,not_relevant
892.283203125,1487.513671875,948.3203125,1509.06640625,HAVE,not_relevant
941.8544921875,1485.3583984375,1015.1337890625,1509.06640625,ISSUEDT,not_relevant
1002.2021484375,1483.203125,1079.7919921875,1509.06640625,THISON,not_relevant
1075.4814453125,1485.3583984375,1114.2763671875,1504.755859375,THEL,not_relevant
1107.810546875,1485.3583984375,1157.3818359375,1504.755859375,DATE,not_relevant
1157.3818359375,1478.892578125,1256.5244140625,1504.755859375,ANDATTHEL,not_relevant
1250.05859375,1476.7373046875,1398.7724609375,1502.6005859375002,LOCATIONABOVE.,not_relevant
1396.6171875,1476.7373046875,1489.2939453125,1500.4453125,ANDIHAVE,not_relevant
1476.3623046875,1474.58203125,1631.5419921875,1500.4453125,EPROBABLECAUSE,not_relevant
1627.2314453125,1474.58203125,1655.25,1496.134765625,TO,not_relevant
1650.939453125,1472.4267578125,1722.0634765625,1496.134765625,BELIEVE,not_relevant
1719.908203125,1470.2714843750002,1763.013671875,1496.134765625,THEA,not_relevant
1750.08203125,1468.1162109375,2045.3544921875,1498.2900390625,MBOPACCOAROREPACNOE,not_relevant
122.8505859375,1506.9111328125,228.458984375,1530.619140625,COMMTTED,not_relevant
221.9931640625,1509.06640625,260.7880859375,1528.4638671875,THE,not_relevant
256.4775390625,1506.9111328125,321.1357421875,1530.619140625,ABOVE,not_relevant
316.8251953125,1504.755859375,426.744140625,1530.619140625,OFFENSEIS).,not_relevant
424.5888671875,1506.9111328125,472.0048828125,1526.30859375,ANDI,not_relevant
467.6943359375,1506.9111328125,500.0234375,1526.30859375,AM,not_relevant
495.712890625,1502.6005859375002,586.234375,1526.30859375,ENTERING,not_relevant
579.7685546875,1504.755859375,614.2529296875,1528.4638671875,MY,not_relevant
609.9423828125,1502.6005859375002,769.4326171875,1526.30859375,AUTHORIZEDUSERI,not_relevant
760.8115234375,1502.6005859375002,922.45703125,1526.30859375,IDANDPASSWORD,not_relevant
915.9912109375,1502.6005859375002,946.1650390625,1524.1533203124998,TO,not_relevant
941.8544921875,1502.6005859375002,1066.8603515625,1526.30859375,AUTHENTICATE,not_relevant
1062.5498046875,1502.6005859375002,1086.2578125,1524.1533203124998,IT,not_relevant
1918.193359375,1519.8427734375,2047.509765625,1543.55078125,PAGE10F1,not_relevant
107.763671875,1539.2402343750002,200.4404296875,1565.103515625,OFFICER,not_relevant
200.4404296875,1537.0849609375,232.76953125,1567.2587890625,C,not_relevant
232.76953125,1539.2402343750002,327.6015625,1565.103515625,GREEN,not_relevant
842.7119140625,1532.7744140625,881.5068359375,1560.7929687499998,94,not_relevant
1002.2021484375,1532.7744140625,1092.7236328125,1558.6376953125,OFFICER,not_relevant
